{
    "loss": 0.11009909957647324,
    "accuracy": 0.925000011920929
}