{
    "loss": 1.1718776226043701,
    "accuracy": 0.6000000238418579
}