{
    "loss": 22.1173038482666,
    "accuracy": 0.44999998807907104
}